{"inputUnits":[34],"outputUnits":4,"inputs":{"0":{"dtype":"number","min":190.73776066999028,"max":394.25887645914395},"1":{"dtype":"number","min":111.70754043044747,"max":163.9103728416829},"2":{"dtype":"number","min":196.70389257052528,"max":420.54140321011675},"3":{"dtype":"number","min":90.00968962791828,"max":154.5521871960117},"4":{"dtype":"number","min":173.1860446558852,"max":379.8332244041829},"5":{"dtype":"number","min":92.85298744528211,"max":139.08013132295721},"6":{"dtype":"number","min":218.31694962913426,"max":418.8687074416342},"7":{"dtype":"number","min":102.84419078307394,"max":177.75253830252916},"8":{"dtype":"number","min":166.22832183244162,"max":350.9584371960117},"9":{"dtype":"number","min":110.81164883268482,"max":170.04198838764592},"10":{"dtype":"number","min":316.74863585238325,"max":429.1811694430934},"11":{"dtype":"number","min":166.69498191269454,"max":264.4017889713035},"12":{"dtype":"number","min":171.84655809216926,"max":264.5009271643969},"13":{"dtype":"number","min":180.2579530946012,"max":255.52669777480543},"14":{"dtype":"number","min":358.50027358949416,"max":520.7413515321011},"15":{"dtype":"number","min":61.014855529547674,"max":457.91878191877436},"16":{"dtype":"number","min":46.768480590345334,"max":299.481490910749},"17":{"dtype":"number","min":45.76777001763132,"max":460.3365910749027},"18":{"dtype":"number","min":146.02584660749028,"max":594.3564567120623},"19":{"dtype":"number","min":-7.104102702456231,"max":534.8937940783075},"20":{"dtype":"number","min":142.33875319187743,"max":447.44068427772373},"21":{"dtype":"number","min":-8.319391035384243,"max":543.8400945403697},"22":{"dtype":"number","min":364.38791950389106,"max":411.0535855423152},"23":{"dtype":"number","min":434.8911721789883,"max":526.4630958171206},"24":{"dtype":"number","min":210.02179216318095,"max":265.03873951240274},"25":{"dtype":"number","min":420.5534487475681,"max":521.7817895792801},"26":{"dtype":"number","min":37.994049903483706,"max":475.7538530520428},"27":{"dtype":"number","min":72.68068306177042,"max":585.0479541585603},"28":{"dtype":"number","min":40.1995160885822,"max":372.3475118555447},"29":{"dtype":"number","min":359.08708505593387,"max":580.558730544747},"30":{"dtype":"number","min":44.213453953368195,"max":598.5407040369649},"31":{"dtype":"number","min":32.62929953489787,"max":558.1330556906615},"32":{"dtype":"number","min":38.04771096789883,"max":360.57165004863816},"33":{"dtype":"number","min":383.39201574659535,"max":512.0914016901751}},"outputs":{"0":{"dtype":"string","min":0,"max":1,"uniqueValues":["up","left","right","idle"],"legend":{"up":[1,0,0,0],"left":[0,1,0,0],"right":[0,0,1,0],"idle":[0,0,0,1]}}},"isNormalized":true}