{"inputUnits":[34],"outputUnits":4,"inputs":{"0":{"dtype":"number","min":186.9401674975681,"max":387.2351881687743},"1":{"dtype":"number","min":110.97768345695525,"max":194.2323724768969},"2":{"dtype":"number","min":189.0250714372568,"max":411.29810615272373},"3":{"dtype":"number","min":87.959649349465,"max":166.32905596425098},"4":{"dtype":"number","min":164.21139728234436,"max":383.941360651751},"5":{"dtype":"number","min":91.49037876945525,"max":194.24441801434824},"6":{"dtype":"number","min":226.39353948808366,"max":425.23581894455253},"7":{"dtype":"number","min":106.84758405277236,"max":184.4502941087062},"8":{"dtype":"number","min":154.67703140199416,"max":353.9032481152724},"9":{"dtype":"number","min":115.26912466561285,"max":193.89401446984436},"10":{"dtype":"number","min":320.9480255958171,"max":434.5583049610895},"11":{"dtype":"number","min":178.08779942850197,"max":274.7043333535992},"12":{"dtype":"number","min":169.82661265807394,"max":258.5433069370136},"13":{"dtype":"number","min":190.82565129499028,"max":262.1238144455253},"14":{"dtype":"number","min":287.56364755593387,"max":531.1843385214008},"15":{"dtype":"number","min":50.88400755410993,"max":471.10324963521407},"16":{"dtype":"number","min":48.12279608463035,"max":290.758431876216},"17":{"dtype":"number","min":42.90446596850681,"max":483.3177285992218},"18":{"dtype":"number","min":147.35993737840468,"max":555.2933107368677},"19":{"dtype":"number","min":-12.762417923151745,"max":553.4609450997082},"20":{"dtype":"number","min":124.66243996230546,"max":548.7841606882296},"21":{"dtype":"number","min":-3.78006634545234,"max":548.3666707198444},"22":{"dtype":"number","min":189.54093962791828,"max":402.16500486381324},"23":{"dtype":"number","min":423.76516141780155,"max":538.8546099829766},"24":{"dtype":"number","min":204.76055219479574,"max":288.7683912937743},"25":{"dtype":"number","min":420.6846197106031,"max":535.0883086089494},"26":{"dtype":"number","min":-1.7071355084964737,"max":517.758922057393},"27":{"dtype":"number","min":334.8251687135214,"max":578.0220999513618},"28":{"dtype":"number","min":9.539595429535506,"max":517.3895002431907},"29":{"dtype":"number","min":151.56654684460116,"max":584.6890199416342},"30":{"dtype":"number","min":27.32073238387646,"max":554.7032693944552},"31":{"dtype":"number","min":347.2900200632296,"max":557.9554505107004},"32":{"dtype":"number","min":25.379823914761673,"max":549.4079447349222},"33":{"dtype":"number","min":342.9954249756809,"max":563.8825389105059}},"outputs":{"0":{"dtype":"string","min":0,"max":1,"uniqueValues":["up","left","right","idle"],"legend":{"up":[1,0,0,0],"left":[0,1,0,0],"right":[0,0,1,0],"idle":[0,0,0,1]}}},"isNormalized":true}