{"inputUnits":[34],"outputUnits":3,"inputs":{"0":{"dtype":"number","min":160.07062028818095,"max":445.67967990029183},"1":{"dtype":"number","min":193.7367575085117,"max":231.4763003100681},"2":{"dtype":"number","min":170.01291950389106,"max":490.39020701605057},"3":{"dtype":"number","min":160.85076833049612,"max":220.62213111016536},"4":{"dtype":"number","min":119.07663545719845,"max":434.65102140077823},"5":{"dtype":"number","min":162.9032405155642,"max":236.97695008511675},"6":{"dtype":"number","min":236.8689012341926,"max":501.23369862597275},"7":{"dtype":"number","min":147.66470467534046,"max":268.91745956955253},"8":{"dtype":"number","min":126.97134530034047,"max":368.9409806663424},"9":{"dtype":"number","min":157.9584333961576,"max":279.9470300340467},"10":{"dtype":"number","min":483.2286980179961,"max":537.8643680082685},"11":{"dtype":"number","min":372.5441543044747,"max":436.7042725559338},"12":{"dtype":"number","min":89.20219213582199,"max":170.08722565053503},"13":{"dtype":"number","min":369.0928228356031,"max":441.81937013618676},"14":{"dtype":"number","min":564.8775687013618,"max":587.2370120987354},"15":{"dtype":"number","min":574.6492734678989,"max":600.5356274319066},"16":{"dtype":"number","min":-0.9423392477666358,"max":30.17449879924611},"17":{"dtype":"number","min":562.8500425583658,"max":588.0813016780156},"18":{"dtype":"number","min":242.27535262645915,"max":528.714357368677},"19":{"dtype":"number","min":164.04150580617704,"max":541.9934414518483},"20":{"dtype":"number","min":138.44964053380352,"max":364.5345178745136},"21":{"dtype":"number","min":227.03282693944556,"max":533.4141688959144},"22":{"dtype":"number","min":121.8697752006323,"max":556.7031325997082},"23":{"dtype":"number","min":385.83133207684824,"max":573.4551313229572},"24":{"dtype":"number","min":11.843971816482247,"max":350.6966272495136},"25":{"dtype":"number","min":362.45075389105057,"max":576.070266901751},"26":{"dtype":"number","min":107.97260685189688,"max":556.2476820890078},"27":{"dtype":"number","min":170.1256611746109,"max":550.2212275048638},"28":{"dtype":"number","min":98.99683852140078,"max":479.0889469844358},"29":{"dtype":"number","min":164.40925568458172,"max":556.1799306906615},"30":{"dtype":"number","min":126.82879377431907,"max":559.4993692242218},"31":{"dtype":"number","min":163.56715102140078,"max":559.7691208657587},"32":{"dtype":"number","min":117.37784419078308,"max":465.85846303501944},"33":{"dtype":"number","min":199.2907002371109,"max":557.5236350924124}},"outputs":{"0":{"dtype":"string","min":0,"max":1,"uniqueValues":["left","right","idle"],"legend":{"left":[1,0,0],"right":[0,1,0],"idle":[0,0,1]}}},"isNormalized":true}