{"inputUnits":[34],"outputUnits":4,"inputs":{"0":{"dtype":"number","min":77.68287747750486,"max":418.6954720938716},"1":{"dtype":"number","min":24.867090603720825,"max":246.01737293287937},"2":{"dtype":"number","min":235.0626595938716,"max":452.3213688594358},"3":{"dtype":"number","min":142.53674458900778,"max":221.0522365941148},"4":{"dtype":"number","min":57.653960587913424,"max":415.00117795476655},"5":{"dtype":"number","min":-4.102265473005829,"max":239.72876641536965},"6":{"dtype":"number","min":258.0237718871595,"max":453.7490500364786},"7":{"dtype":"number","min":163.70158985894943,"max":241.86903422908563},"8":{"dtype":"number","min":19.741729855073565,"max":384.4451833049611},"9":{"dtype":"number","min":8.96981205921692,"max":240.3203656979572},"10":{"dtype":"number","min":379.2093643604086,"max":445.9136749148833},"11":{"dtype":"number","min":218.07387296327823,"max":320.93529608463035},"12":{"dtype":"number","min":210.93263618677042,"max":288.5916790795234},"13":{"dtype":"number","min":227.01139576240274,"max":323.02111198929964},"14":{"dtype":"number","min":368.5218567607004,"max":574.0514804231518},"15":{"dtype":"number","min":86.37286828185799,"max":512.1317561405642},"16":{"dtype":"number","min":72.56709117369893,"max":321.50725012159535},"17":{"dtype":"number","min":92.28530824416342,"max":551.6096941877432},"18":{"dtype":"number","min":-21.15892699720331,"max":664.3067546206225},"19":{"dtype":"number","min":-32.29809475316148,"max":567.4576696254863},"20":{"dtype":"number","min":-8.316159378229877,"max":657.0119467412452},"21":{"dtype":"number","min":-33.33100908925097,"max":565.6650504620623},"22":{"dtype":"number","min":348.9605119163424,"max":433.74711211089493},"23":{"dtype":"number","min":430.7046449416342,"max":567.0470573929961},"24":{"dtype":"number","min":227.73644592047665,"max":322.4180371473735},"25":{"dtype":"number","min":427.1433456955253,"max":558.121048151751},"26":{"dtype":"number","min":15.27505125053198,"max":650.3242035505837},"27":{"dtype":"number","min":37.222363661235406,"max":586.6142540126459},"28":{"dtype":"number","min":19.45930213779791,"max":650.0354146400779},"29":{"dtype":"number","min":32.65384659229086,"max":582.0860438959144},"30":{"dtype":"number","min":-16.888755471789885,"max":653.5286205009728},"31":{"dtype":"number","min":32.985127371108945,"max":567.9812135214008},"32":{"dtype":"number","min":-4.637549433726745,"max":647.0813320768483},"33":{"dtype":"number","min":32.897493236259734,"max":562.4958961575876}},"outputs":{"0":{"dtype":"string","min":0,"max":1,"uniqueValues":["up","left","right","idle"],"legend":{"up":[1,0,0,0],"left":[0,1,0,0],"right":[0,0,1,0],"idle":[0,0,0,1]}}},"isNormalized":true}